{
    "avg speed": 1647.506487176284,
    "std speed": 2196.9322640112773,
    "avg acceleration": 12586.949718470149,
    "std acceleration": 17754.263516514176,
    "avg angle": 1.5881285990683485,
    "std angle": 1.2976736893573384,
    "total_points": 342,
    "avg time": 6.305991744995117,
    "std time": 0.34217434789485146
}