{
    "total_time": {
        "mean": 4.11529951095581,
        "std": 0.7094066302043812
    },
    "avg_speed": {
        "mean": 629.4591905864252,
        "std": 122.49204838809294
    },
    "jitter": {
        "mean": 4.23984735361904,
        "std": 1.0837651401875816
    }
}