{
    "press times stats": {
        "h": [
            0.05954080820083618,
            0.003901324410289862
        ],
        "e": [
            0.08003860712051392,
            0.026187970960953492
        ],
        "l": [
            0.07376636266708374,
            0.024123302126048605
        ],
        "o": [
            0.07359335252216884,
            0.022892816111321716
        ],
        "Key.space": [
            0.08225505692618233,
            0.027176066164028134
        ],
        "w": [
            0.08571795316842887,
            0.02809533596966284
        ],
        "r": [
            0.0826551636984182,
            0.02855010795211674
        ],
        "d": [
            0.08206503441993226,
            0.029926933954198393
        ]
    },
    "flight times stats": {
        "h->e": [
            0.17853713035583496,
            0.07134108664170885
        ],
        "h->l": [
            0.21902724107106528,
            0.09087291484117738
        ],
        "l->l": [
            0.16199800968170167,
            0.10007858602470779
        ],
        "l->o": [
            0.1408207586833409,
            0.09025924071558902
        ],
        "o->Key.space": [
            0.12367643415927887,
            0.09620633393071139
        ],
        "o->w": [
            0.11367638111114502,
            0.08866288274189417
        ],
        "Key.space->o": [
            0.06017255783081055,
            0.001
        ],
        "o->r": [
            0.10187063614527385,
            0.08532062746840562
        ],
        "r->l": [
            0.0948906386340106,
            0.08313469236693452
        ],
        "r->d": [
            0.09701940931122878,
            0.08051130848514591
        ],
        "l->Key.space": [
            0.1010063961148262,
            0.07838966041451209
        ],
        "Key.space->h": [
            0.10350325448172433,
            0.07700023693179776
        ],
        "e->l": [
            0.09842037510227512,
            0.07789749248199979
        ],
        "w->o": [
            0.09854503273963929,
            0.07958477596426418
        ],
        "l->d": [
            0.0298919677734375,
            0.001
        ],
        "d->Key.space": [
            0.09242607271948526,
            0.08003376087054759
        ],
        "d->d": [
            0.019602060317993164,
            0.001
        ],
        "w->l": [
            0.06189560890197754,
            0.001
        ],
        "l->r": [
            0.007893800735473633,
            0.001
        ]
    }
}